https://img.zcool.cn/community/0143fe5f156c67a801215aa0e822bd.jpg@260w_195h_1c_1e_1o_100sh.jpg,收藏餐边柜,工业/产品-家具,20373,39,364,JianWenD
https://img.zcool.cn/community/010c285f1538c7a801215aa0e5b297.jpg@260w_195h_1c_1e_1o_100sh.jpg,【旅行的意义】 -文艺复兴之地-,摄影-游记,56460,106,565,晆时_micheal
https://img.zcool.cn/community/018ae75f151b30a801215aa07d4043.jpg@260w_195h_1c_1e_1o_100sh.jpg,可爱动态LOGO合集,UI-动效设计,75495,196,3790,MDS官方
https://img.zcool.cn/community/0199d95f15445ea801215aa098645b.jpg@260w_195h_1c_1e_1o_100sh.jpg,VON STUDIO X ANTA KIDS A-JELLY 弹出趣跑出彩,三维-动画/影视,37978,81,760,VONSTUDIO
https://img.zcool.cn/community/0147b05f153a69a801215aa0439f8d.jpg@260w_195h_1c_1e_1o_100sh.jpg,BX-Planet | 2020年世界献血者日宣传片,影视-Motion Graphic,10407,21,268,BXplanet
https://img.zcool.cn/community/0126fa5f12a1f5a801215aa09d9093.jpg@260w_195h_1c_1e_1o_100sh.jpg,《盗墓笔记重启》概念设计图,插画-概念设定,28705,85,1750,杨青凯
https://img.zcool.cn/community/0100545f150e70a801206621acde62.jpg@260w_195h_1c_1e_1o_100sh.jpg,【OLYMPIC 2020 series illustrations 】,插画-涂鸦/潮流,20017,105,1035,IamMe榨菜
https://img.zcool.cn/community/0154de5f1495e1a801215aa031afa8.png@260w_195h_1c_1e_1o_100sh.jpg,「乐划锁屏」 仙境眠于视界缝隙,插画-商业插画,21172,48,617,吴达立
https://img.zcool.cn/community/015b755f1411d5a801215aa0c47bff.jpg@260w_195h_1c_1e_1o_100sh.jpg,粉色城堡,摄影-人像,39463,72,1108,无限TX
https://img.zcool.cn/community/01a6965f13a3f4a801215aa068fb3e.png@260w_195h_1c_1e_1o_100sh.jpg,小小英雄——“替身木偶”木木,平面-吉祥物,19256,105,1055,我不是集翔物
https://img.zcool.cn/community/018a6d5f131b46a801215aa02eef52.jpg@260w_195h_1c_1e_1o_100sh.jpg,  2020年鲁班设计尖货节《尖货弄潮》  ,影视-宣传片,66349,56,1226,IN_STUDIO
https://img.zcool.cn/community/011b865f13dabba801215aa0d7f33c.jpg@260w_195h_1c_1e_1o_100sh.jpg,这！就是街舞 第三季 概念先导片 概念设定,插画-概念设定,63431,118,1823,MVEIGHT
https://img.zcool.cn/community/01f5cd5f151edda801215aa0a4b2b2.jpg@260w_195h_1c_1e_1o_100sh.jpg,Online Supermarket系列,插画-商业插画,19709,9,792,KefanShi_朗朗
https://img.zcool.cn/community/0119af5f11826ba801215aa00c6246.jpg@260w_195h_1c_1e_1o_100sh.jpg,为动画《观海策》绘制的一些美术图稿。,插画-商业插画,25035,46,720,弎丈
https://img.zcool.cn/community/0168ad5f186b8fa801206621c7bdef.jpg@260w_195h_1c_1e_1o_100sh.jpg,猜猫咪,摄影-人像,43153,73,754,海螺壳
https://img.zcool.cn/community/0103045f11372ea801206621dbbd49.jpg@260w_195h_1c_1e_1o_100sh.jpg,一看到你 我的开心就100％了 ​​​​,摄影-人像,60634,90,684,萌又三岁
https://img.zcool.cn/community/0190a25f12f637a801215aa08e62c8.jpg@260w_195h_1c_1e_1o_100sh.jpg,杰士邦JISSBON 黄金持久——黄金铁道999,平面-包装,24812,94,941,MrSOL
https://img.zcool.cn/community/01e3665f119e86a801215aa0710bdc.jpg@260w_195h_1c_1e_1o_100sh.jpg,CASE BOX 2020 01 - 2020 06 作品合集,平面-品牌,25464,40,828,CHAOS李超
https://img.zcool.cn/community/0173175f125b64a801215aa02339bf.jpg@260w_195h_1c_1e_1o_100sh.jpg,夏日终曲,动漫-中/长篇漫画,54568,403,2580,郭九二
https://img.zcool.cn/community/01b85b5f12c649a801215aa0731d22.jpg@260w_195h_1c_1e_1o_100sh.jpg,梅红C4D 每日图形设计 (二十四）,三维-其他三维,30278,78,784,梅红提爱克斯
https://img.zcool.cn/community/013ed65f1109cea80120662191dbc4.jpg@260w_195h_1c_1e_1o_100sh.jpg,巨幅人像光绘涂鸦闪耀京城~王一博现场点赞创意团队,摄影-其他摄影,16931,57,308,Roywang
https://img.zcool.cn/community/0143135f1174bca8012066214637b8.png@260w_195h_1c_1e_1o_100sh.jpg,哪吒原创IP设计大赛,平面-吉祥物,36256,175,1824,奇大人QIDAREN
https://img.zcool.cn/community/0128dd5f11572da80120662113917c.jpg@260w_195h_1c_1e_1o_100sh.jpg,BITONE X 宝马 |极夜流星，尊贵非凡,三维-产品,19496,52,474,BITONE叶青司机
https://img.zcool.cn/community/031831c5f1126fca801206621278c66.jpg@260w_195h_1c_1e_1o_100sh.jpg,2020年中总结,插画-商业插画,15445,57,784,鹿溟山
https://img.zcool.cn/community/0112325f111a5ca801215aa0a29152.jpg@260w_195h_1c_1e_1o_100sh.jpg,无声瑰梦,插画-商业插画,18280,19,835,Kuri久里
https://img.zcool.cn/community/01e2e25f112733a801215aa0b9dd87.jpg@260w_195h_1c_1e_1o_100sh.jpg,《乐队的夏天》官宣海报,平面-海报,102105,99,1677,BlissStudio
https://img.zcool.cn/community/01dec25f1123d5a801206621dfc525.jpg@260w_195h_1c_1e_1o_100sh.jpg,奶茶VI设计 饮品 VI设计 VI 奶茶 餐饮设计 品牌设计,平面-品牌,143779,264,2667,郑昌洪
https://img.zcool.cn/community/0143895efee026a8012066218eefa4.jpg@260w_195h_1c_1e_1o_100sh.jpg,溜溜的故事溜溜的回味,平面-品牌,75158,70,650,剣雨阑心
https://img.zcool.cn/community/016e805f1118cca801215aa0fd426c.jpg@260w_195h_1c_1e_1o_100sh.jpg,排版法则,文章-观点-UI,80343,183,2261,ExperienceDesign
https://img.zcool.cn/community/011ca25f112979a8012066214928c0.jpg@260w_195h_1c_1e_1o_100sh.jpg,Unloading  |  失载 ,影视-短片,32635,46,679,Donerzozo
https://img.zcool.cn/community/0186ed5eba7acca8012072009f3d0d.jpg@260w_195h_1c_1e_1o_100sh.jpg,Black 13 Park-Виктор 獵鷹,手工艺-手办/模玩,11603,29,160,jungleBK13
https://img.zcool.cn/community/01e27b5f10bf9ca8012066218fa675.jpg@260w_195h_1c_1e_1o_100sh.jpg,炎炎夏日,插画-涂鸦/潮流,23684,45,1509,天然_Tianran
https://img.zcool.cn/community/0184255f110bc6a80120662112893a.jpg@260w_195h_1c_1e_1o_100sh.jpg,《盗墓笔记重启》概念（一）,插画-概念设定,28470,71,1480,尹宏宇
https://img.zcool.cn/community/01e7585f102314a80120662124558a.jpg@260w_195h_1c_1e_1o_100sh.jpg,云椅/一款简单舒适的高靠背椅,工业/产品-家具,17027,27,135,杏仁菜菜头
https://img.zcool.cn/community/0197f25f1025eba801206621d1451f.jpg@260w_195h_1c_1e_1o_100sh.jpg,女孩子有点个性怎么了，你见过不带刺的玫瑰嘛？,动漫-三维动画,17814,57,365,萌芽熊DooroBear
https://img.zcool.cn/community/013a215f100d53a801215aa0815992.jpg@260w_195h_1c_1e_1o_100sh.jpg,Board Design,平面-图案,28834,42,736,DEFENDER
https://img.zcool.cn/community/0101df5f0fecd8a80120662140e4c2.jpg@260w_195h_1c_1e_1o_100sh.jpg,10招手机拍摄小技巧，教你拍出宫崎骏电影同款夏天！,摄影-其他摄影,36900,101,1240,阿猴HOSEA
https://img.zcool.cn/community/01b1f15f100854a8012066210a7114.jpg@260w_195h_1c_1e_1o_100sh.jpg,MMTO第一季新款玩具TOTOMO(兔兔羊),工业/产品-玩具,24760,94,565,ACEWORKS
https://img.zcool.cn/community/0190fe5f0fcd99a801206621c5b0dc.jpg@260w_195h_1c_1e_1o_100sh.jpg,书籍封面设计 | 拾,平面-书籍,39825,85,798,刘哲_NewJoy
